"year","harmonized_concept","raw_variable_name","source_wave","technical_note"
1995,"age","s2",1995,NA
1996,"age","s2",1996,NA
1997,"age","s2",1997,NA
1998,"age","s2",1998,NA
2000,"age","S2",2000,NA
2001,"age","s2",2001,NA
2002,"age","s2",2002,NA
2003,"age","s2",2003,NA
2004,"age","s2",2004,NA
2005,"age","s7",2005,NA
2006,"age","s7",2006,NA
2007,"age","edad",2007,NA
2008,"age","edad",2008,NA
2009,"age","s6",2009,NA
2010,"age","edad",2010,NA
2011,"age","edad",2011,NA
2013,"age","S11",2013,NA
2015,"age","S13",2015,NA
2016,"age","edad",2016,NA
2017,"age","edad",2017,NA
2018,"age","EDAD",2018,NA
2020,"age","edad",2020,NA
2023,"age","edad",2023,NA
2024,"age","EDAD",2024,NA
1995,"country","pais",1995,NA
1996,"country","pais",1996,NA
1997,"country","idenpa",1997,NA
1998,"country","idenpa",1998,NA
2000,"country","idenpa",2000,NA
2001,"country","idenpa",2001,NA
2002,"country","idenpa",2002,NA
2003,"country","idenpa",2003,NA
2004,"country","idenpa",2004,NA
2005,"country","idenpa",2005,NA
2006,"country","idenpa",2006,NA
2007,"country","idenpa",2007,NA
2008,"country","idenpa",2008,NA
2009,"country","idenpa",2009,NA
2010,"country","idenpa",2010,NA
2011,"country","idenpa",2011,NA
2013,"country","idenpa",2013,NA
2015,"country","idenpa",2015,NA
2016,"country","idenpa",2016,NA
2017,"country","idenpa",2017,NA
2018,"country","IDENPA",2018,NA
2020,"country","idenpa",2020,NA
2023,"country","idenpa",2023,NA
2024,"country","IDENPA",2024,NA
1995,"owns_car","s13i",1995,NA
1996,"owns_car","s10i",1996,NA
1997,"owns_car","s9i",1997,NA
1998,"owns_car","s9g",1998,NA
2000,"owns_car","S10G",2000,NA
2001,"owns_car","s10g",2001,NA
2002,"owns_car","s10g",2002,NA
2003,"owns_car","s10g",2003,NA
2004,"owns_car","s10g",2004,NA
2005,"owns_car","s15h",2005,NA
2006,"owns_car","s15h",2006,NA
2007,"owns_car","s19h",2007,NA
2008,"owns_car","s19h",2008,NA
2009,"owns_car","s19j",2009,NA
2010,"owns_car","S21J",2010,NA
2011,"owns_car","S28H",2011,NA
2013,"owns_car","S22_H",2013,NA
2015,"owns_car","S24_I",2015,NA
2016,"owns_car","S16I",2016,NA
2017,"owns_car","S17_I",2017,NA
2018,"owns_car","S21.I",2018,NA
2020,"owns_car","s26_g",2020,NA
2023,"owns_car","S20_E",2023,NA
2024,"owns_car","S20E",2024,NA
1995,"owns_washing_machine","s13g",1995,NA
1996,"owns_washing_machine","s10g",1996,NA
1997,"owns_washing_machine","s9g",1997,NA
1998,"owns_washing_machine","s9e",1998,NA
2000,"owns_washing_machine","S10E",2000,NA
2001,"owns_washing_machine","s10e",2001,NA
2002,"owns_washing_machine","s10e",2002,NA
2003,"owns_washing_machine","s10e",2003,NA
2004,"owns_washing_machine","s10e",2004,NA
2005,"owns_washing_machine","s15e",2005,NA
2006,"owns_washing_machine","s15e",2006,NA
2007,"owns_washing_machine","s19e",2007,NA
2008,"owns_washing_machine","s19e",2008,NA
2009,"owns_washing_machine","s19g",2009,NA
2010,"owns_washing_machine","S21G",2010,NA
2011,"owns_washing_machine","S28E",2011,NA
2013,"owns_washing_machine","S22_E",2013,NA
2015,"owns_washing_machine","S24_E",2015,NA
2016,"owns_washing_machine","S16E",2016,NA
2017,"owns_washing_machine","S17_E",2017,NA
2018,"owns_washing_machine","S21.E",2018,NA
2020,"owns_washing_machine","s26_d",2020,NA
2023,"owns_washing_machine","S20_C",2023,NA
2024,"owns_washing_machine","S20C",2024,NA
1995,"sex","s1",1995,NA
1996,"sex","s1",1996,NA
1997,"sex","s1",1997,NA
1998,"sex","s1",1998,NA
2000,"sex","S1",2000,NA
2001,"sex","s1",2001,NA
2002,"sex","s1",2002,NA
2003,"sex","s1",2003,NA
2004,"sex","s1",2004,NA
2005,"sex","s6",2005,NA
2006,"sex","s6",2006,NA
2007,"sex","sexo",2007,NA
2008,"sex","sexo",2008,NA
2009,"sex","s5",2009,NA
2010,"sex","sexo",2010,NA
2011,"sex","sexo",2011,NA
2013,"sex","S10",2013,NA
2015,"sex","S12",2015,NA
2016,"sex","sexo",2016,NA
2017,"sex","sexo",2017,NA
2018,"sex","SEXO",2018,NA
2020,"sex","sexo",2020,NA
2023,"sex","sexo",2023,NA
2024,"sex","SEXO",2024,NA
1995,"weight","wt",1995,NA
1996,"weight","wt",1996,NA
1997,"weight","wt",1997,NA
1998,"weight","pondera",1998,NA
2000,"weight","wt",2000,NA
2001,"weight","wt",2001,NA
2002,"weight","wt",2002,NA
2003,"weight","wt",2003,NA
2004,"weight","wt",2004,NA
2005,"weight","wt",2005,NA
2006,"weight","wt",2006,NA
2007,"weight","wt",2007,NA
2008,"weight","wt",2008,NA
2009,"weight","wt",2009,NA
2010,"weight","wt",2010,NA
2011,"weight","wt",2011,NA
2013,"weight","wt",2013,NA
2015,"weight","wt",2015,NA
2016,"weight","wt",2016,NA
2017,"weight","wt",2017,NA
2018,"weight","WT",2018,NA
2020,"weight","wt",2020,NA
2023,"weight","wt",2023,NA
2024,"weight","WT",2024,NA
